Unit_ID,Unit_Name,Unit_Name_HE,English,Hebrew,IPA,Example_EN_1,Example_HE_1,Example_EN_2,Example_HE_2,POS,Collocation,CommonMistake_HE,Synonyms,Antonyms,Mnemonic_HE,Image_Keyword,Tags
01,Daily Life,חיי יומיום,routine,שגרה,/ruːˈtiːn/,I have a daily routine,יש לי שגרת יומיום,Example 2 for routine,דוגמה 2 עבור שגרה,noun,daily routine,routine ≠ route,schedule,,לחשוב על ROOT שורש יומי,routine,ESL-Pals::Unit01::Daily Life
01,Daily Life,חיי יומיום,wake up,להתעורר,/ˌweɪk ˈʌp/,I wake up at 6am,אני מתעורר ב-6,Example 2 for wake up,דוגמה 2 עבור להתעורר,verb,wake up early,wake up לא wake-up,get up,,WAKE כמו להתעורר,wake up,ESL-Pals::Unit01::Daily Life
01,Daily Life,חיי יומיום,breakfast,ארוחת בוקר,/ˈbrekfəst/,I have breakfast at 7,אני אוכל ארוחת בוקר ב-7,Example 2 for breakfast,דוגמה 2 עבור ארוחת בוקר,noun,have breakfast,breakfast לא break fast,meal,,BREAK + FAST לשבור צום,breakfast,ESL-Pals::Unit01::Daily Life
01,Daily Life,חיי יומיום,commute,נסיעה לעבודה,/kəˈmjuːt/,My commute is 30 minutes,הנסיעה שלי 30 דקות,Example 2 for commute,דוגמה 2 עבור נסיעה לעבודה,noun/verb,commute to work,commute לא communicate,travel,,COMMUTE כמו community נסיעה משותפת,commute,ESL-Pals::Unit01::Daily Life
01,Daily Life,חיי יומיום,housework,עבודות בית,/ˈhaʊswɜːrk/,I do housework on weekends,אני עושה עבודות בית בסופש,Example 2 for housework,דוגמה 2 עבור עבודות בית,noun,do housework,housework לא house work,chores,,HOUSE + WORK,housework,ESL-Pals::Unit01::Daily Life
01,Daily Life,חיי יומיום,laundry,כביסה,/ˈlɔːndri/,I do laundry on Sunday,אני עושה כביסה בראשון,Example 2 for laundry,דוגמה 2 עבור כביסה,noun,do laundry,laundry לא laundry,washing,,LAUNDRY עם D כמו dirty,laundry,ESL-Pals::Unit01::Daily Life
01,Daily Life,חיי יומיום,grocery,מצרכים,/ˈɡroʊsəri/,I go grocery shopping,אני הולך לקניות מצרכים,Example 2 for grocery,דוגמה 2 עבור מצרכים,noun,grocery store,grocery לא gross,food,,GROCERY עם C,grocery,ESL-Pals::Unit01::Daily Life
01,Daily Life,חיי יומיום,appointment,פגישה,/əˈpɔɪntmənt/,I have a dentist appointment,יש לי פגישת רופא שיניים,Example 2 for appointment,דוגמה 2 עבור פגישה,noun,make an appointment,appointment עם 2 p,meeting,,APPOINT = לקבוע,appointment,ESL-Pals::Unit01::Daily Life
01,Daily Life,חיי יומיום,errand,סידור,/ˈerənd/,I need to run errands,אני צריך לסדר סידורים,Example 2 for errand,דוגמה 2 עבור סידור,noun,run errands,errand לא error,task,,ERRAND כמו ERR לנוע,errand,ESL-Pals::Unit01::Daily Life
01,Daily Life,חיי יומיום,neighbor,שכן,/ˈneɪbər/,My neighbor is very nice,השכן שלי מאוד נחמד,Example 2 for neighbor,דוגמה 2 עבור שכן,noun,next-door neighbor,"neighbor US, neighbour UK",resident,,NEIGHBOR גר ליד,neighbor,ESL-Pals::Unit01::Daily Life
01,Daily Life,חיי יומיום,schedule,לוח זמנים,/ˈskedʒuːl/,I have a busy schedule,יש לי לוח זמנים עמוס,Example 2 for schedule,דוגמה 2 עבור לוח זמנים,noun/verb,busy schedule,schedule לא schdule,timetable,,SCHEDULE כמו school,schedule,ESL-Pals::Unit01::Daily Life
01,Daily Life,חיי יומיום,leisure,פנאי,/ˈleʒər/,I have little leisure time,יש לי מעט זמן פנאי,Example 2 for leisure,דוגמה 2 עבור פנאי,noun,leisure time,leisure לא pleasure,free time,,LEISURE עם EI,leisure,ESL-Pals::Unit01::Daily Life
01,Daily Life,חיי יומיום,hobby,תחביב,/ˈhɑːbi/,My hobby is photography,התחביב שלי צילום,Example 2 for hobby,דוגמה 2 עבור תחביב,noun,have a hobby,hobby עם 2 b,interest,,HOBBY כמו BOB,hobby,ESL-Pals::Unit01::Daily Life
01,Daily Life,חיי יומיום,relax,להירגע,/rɪˈlæks/,I relax at home,אני נרגע בבית,Example 2 for relax,דוגמה 2 עבור להירגע,verb,relax at home,relax לא release,rest,,RELAX עם LAX רגוע,relax,ESL-Pals::Unit01::Daily Life
01,Daily Life,חיי יומיום,weekend,סוף שבוע,/ˌwiːkˈend/,What do you do on weekends?,מה אתה עושה בסופשים?,Example 2 for weekend,דוגמה 2 עבור סוף שבוע,noun,on the weekend,weekend מילה אחת,Saturday Sunday,,WEEK + END,weekend,ESL-Pals::Unit01::Daily Life
01,Daily Life,חיי יומיום,evening,ערב,/ˈiːvnɪŋ/,I watch TV in the evening,אני רואה טלוויזיה בערב,Example 2 for evening,דוגמה 2 עבור ערב,noun,in the evening,evening לא event,night,,EVENING עם V,evening,ESL-Pals::Unit01::Daily Life
01,Daily Life,חיי יומיום,yesterday,אתמול,/ˈjestərdeɪ/,I worked yesterday,עבדתי אתמול,Example 2 for yesterday,דוגמה 2 עבור אתמול,noun/adverb,all day yesterday,yesterday לא yesturday,last day,,YES + TER + DAY,yesterday,ESL-Pals::Unit01::Daily Life
01,Daily Life,חיי יומיום,tomorrow,מחר,/təˈmɑːroʊ/,I'll call you tomorrow,אתקשר אליך מחר,Example 2 for tomorrow,דוגמה 2 עבור מחר,noun/adverb,see you tomorrow,tomorrow עם 2 r,next day,,TO + MORROW,tomorrow,ESL-Pals::Unit01::Daily Life
01,Daily Life,חיי יומיום,calendar,לוח שנה,/ˈkælɪndər/,Check your calendar,בדוק את לוח השנה,Example 2 for calendar,דוגמה 2 עבור לוח שנה,noun,wall calendar,calendar עם A אחרי L,schedule,,CALENDAR כמו CAL,calendar,ESL-Pals::Unit01::Daily Life
01,Daily Life,חיי יומיום,deadline,מועד אחרון,/ˈdedlaɪn/,The deadline is Friday,הדדליין ביום שישי,Example 2 for deadline,דוגמה 2 עבור מועד אחרון,noun,meet a deadline,deadline מילה אחת,due date,,DEAD + LINE קו מוות,deadline,ESL-Pals::Unit01::Daily Life
02,Family & Friends,משפחה וחברים,relative,קרוב משפחה,/ˈrelətɪv/,My relatives live in Haifa,הקרובים שלי גרים בחיפה,Example 2 for relative,דוגמה 2 עבור קרוב משפחה,noun,close relative,relative לא relation,family,,RELATIVE כמו relate,relative,ESL-Pals::Unit02::Family & Friends
02,Family & Friends,משפחה וחברים,sibling,אח/אחות,/ˈsɪblɪŋ/,I have two siblings,יש לי שני אחים,Example 2 for sibling,דוגמה 2 עבור אח/אחות,noun,younger sibling,sibling עם S שקטה,brother/sister,,SIBLING עם LING,sibling,ESL-Pals::Unit02::Family & Friends
02,Family & Friends,משפחה וחברים,spouse,בן/בת זוג,/spaʊs/,My spouse works in Tel Aviv,בן הזוג שלי עובד בתל אביב,Example 2 for spouse,דוגמה 2 עבור בן/בת זוג,noun,my spouse,spouse עם S בסוף,partner,,SPOUSE כמו house,spouse,ESL-Pals::Unit02::Family & Friends
02,Family & Friends,משפחה וחברים,nephew,אחיין,/ˈnefjuː/,My nephew is 5 years old,האחיין שלי בן 5,Example 2 for nephew,דוגמה 2 עבור אחיין,noun,my nephew,nephew עם PH = F,relative,,NEPHEW כמו NEW,nephew,ESL-Pals::Unit02::Family & Friends
02,Family & Friends,משפחה וחברים,niece,אחיינית,/niːs/,My niece loves drawing,האחיינית שלי אוהבת לצייר,Example 2 for niece,דוגמה 2 עבור אחיינית,noun,my niece,niece לא nice,relative,,NIECE עם IE,niece,ESL-Pals::Unit02::Family & Friends
02,Family & Friends,משפחה וחברים,in-law,חתן/כלה,/ˈɪn lɔː/,My mother-in-law is kind,חמותי נחמדה,Example 2 for in-law,דוגמה 2 עבור חתן/כלה,noun,mother-in-law,in-law עם מקף,family,,IN-LAW חוק משפחה,in-law,ESL-Pals::Unit02::Family & Friends
02,Family & Friends,משפחה וחברים,childhood,ילדות,/ˈtʃaɪldhʊd/,I had a happy childhood,הייתה לי ילדות מאושרת,Example 2 for childhood,דוגמה 2 עבור ילדות,noun,childhood memories,childhood מילה אחת,youth,,CHILD + HOOD,childhood,ESL-Pals::Unit02::Family & Friends
02,Family & Friends,משפחה וחברים,supportive,תומך,/səˈpɔːrtɪv/,My family is supportive,המשפחה שלי תומכת,Example 2 for supportive,דוגמה 2 עבור תומך,adj,supportive family,supportive עם 2 p,helpful,,SUPPORT + IVE,supportive,ESL-Pals::Unit02::Family & Friends
02,Family & Friends,משפחה וחברים,close,קרוב,/kloʊs/,We are very close,אנחנו מאוד קרובים,Example 2 for close,דוגמה 2 עבור קרוב,adj,close friends,close לא clothes,near,,CLOSE כמו קרוב,close,ESL-Pals::Unit02::Family & Friends
02,Family & Friends,משפחה וחברים,trust,אמון,/trʌst/,We trust each other,אנחנו סומכים אחד על השני,Example 2 for trust,דוגמה 2 עבור אמון,noun/verb,trust each other,trust לא truth,confidence,,TRUST כמו must,trust,ESL-Pals::Unit02::Family & Friends
02,Family & Friends,משפחה וחברים,argue,להתווכח,/ˈɑːrɡjuː/,We sometimes argue,אנחנו לפעמים מתווכחים,Example 2 for argue,דוגמה 2 עבור להתווכח,verb,argue about,argue לא argue,disagree,,ARGUE עם GUE,argue,ESL-Pals::Unit02::Family & Friends
02,Family & Friends,משפחה וחברים,forgive,לסלוח,/fərˈɡɪv/,I forgive you,אני סולח לך,Example 2 for forgive,דוגמה 2 עבור לסלוח,verb,forgive someone,forgive עם GIV,pardon,,FOR + GIVE,forgive,ESL-Pals::Unit02::Family & Friends
02,Family & Friends,משפחה וחברים,reunion,מפגש מחזור,/ˌriːˈjuːniən/,We have a family reunion,יש לנו מפגש משפחתי,Example 2 for reunion,דוגמה 2 עבור מפגש מחזור,noun,family reunion,reunion עם 2 I,gathering,,RE + UNION שוב ביחד,reunion,ESL-Pals::Unit02::Family & Friends
02,Family & Friends,משפחה וחברים,generation,דור,/ˌdʒenəˈreɪʃn/,The young generation,הדור הצעיר,Example 2 for generation,דוגמה 2 עבור דור,noun,young generation,generation עם 2 E,age group,,GENERATION כמו generate,generation,ESL-Pals::Unit02::Family & Friends
02,Family & Friends,משפחה וחברים,ancestor,אב קדמון,/ˈænsestər/,My ancestors came from Poland,אבותיי באו מפולין,Example 2 for ancestor,דוגמה 2 עבור אב קדמון,noun,my ancestors,ancestor לא ansestor,forefather,,ANCESTOR קדמון,ancestor,ESL-Pals::Unit02::Family & Friends
02,Family & Friends,משפחה וחברים,adopt,לאמץ,/əˈdɑːpt/,They adopted a child,הם אימצו ילד,Example 2 for adopt,דוגמה 2 עבור לאמץ,verb,adopt a child,adopt לא adapt,take in,,ADOPT עם OPT,adopt,ESL-Pals::Unit02::Family & Friends
02,Family & Friends,משפחה וחברים,raise,לגדל,/reɪz/,They raise two children,הם מגדלים שני ילדים,Example 2 for raise,דוגמה 2 עבור לגדל,verb,raise children,raise לא rise,bring up,,RAISE יד למעלה,raise,ESL-Pals::Unit02::Family & Friends
02,Family & Friends,משפחה וחברים,divorce,גירושין,/dɪˈvɔːrs/,They got divorced,הם התגרשו,Example 2 for divorce,דוגמה 2 עבור גירושין,noun/verb,get divorced,divorce עם 2 R? לא,separation,,DIVORCE קשה,divorce,ESL-Pals::Unit02::Family & Friends
02,Family & Friends,משפחה וחברים,single,רווק,/ˈsɪŋɡl/,She is a single mother,היא אם יחידנית,Example 2 for single,דוגמה 2 עבור רווק,adj/noun,single parent,single לא signal,alone,,SINGLE אחד,single,ESL-Pals::Unit02::Family & Friends
02,Family & Friends,משפחה וחברים,married,נשוי,/ˈmærid/,They got married in June,הם התחתנו ביוני,Example 2 for married,דוגמה 2 עבור נשוי,adj,get married,married עם 2 R,wedded,,MARRIED עם RIED,married,ESL-Pals::Unit02::Family & Friends
03,Emotions,רגשות,embarrassed,נבוך,/ɪmˈbærəst/,I was embarrassed when I fell in the street.,הייתי נבוך כשנפלתי ברחוב.,She felt embarrassed about her English.,היא הרגישה נבוכה בגלל האנגלית שלה.,adjective,be embarrassed about / be embarrassed to + verb,"נבוך (אתה) ≠ מביך (המצב). embarrassed = אתה נבוך, embarrassing = המצב מביך. אל תגיד I am embarrassing!","self-conscious, awkward","confident, proud",דמיין BEAR (דב) אדום מבושה - em-BEAR-assed,person covering face embarrassed,ESL-Pals::Unit03::Emotions::Hard
03,Emotions,רגשות,although,למרות ש,/ɔːlˈðəʊ/,"Although it was raining, we went to Jerusalem.","למרות שירד גשם, הלכנו לירושלים.","Although I'm tired, I will study.","למרות שאני עייף, אני אלמד.",conjunction,"Although + clause, ... / Although + subject + verb","אל תגיד Although but - זה או Although או But, לא שניהם! Although it was raining but we went = שגיאה","though, even though",because,ALL + THOUGH = למרות ש-כל זה קרה...,raining but people walking,ESL-Pals::Unit03::Conjunctions::Medium
03,Emotions,רגשות,achieve,"להשיג, להגשים",/əˈtʃiːv/,She worked hard to achieve her dream.,היא עבדה קשה כדי להגשים את החלום שלה.,We can achieve great results together.,אנחנו יכולים להשיג תוצאות נהדרות ביחד.,verb,achieve a goal / dream / success / results,"achieve = פועל (להשיג), achievement = שם עצם (הישג). אל תגיד I have achieve","accomplish, attain, reach","fail, lose",A-CHIEF משיג מטרות כמו צ'יף,person reaching mountain top success,ESL-Pals::Unit03::Success::Medium
03,Emotions,רגשות,proud,גאה,/praʊd/,I am proud of my son.,אני גאה בבן שלי.,We are proud to be Israeli.,אנחנו גאים להיות ישראלים.,adjective,be proud of someone / something,"proud = גאה (תואר), pride = גאווה (שם עצם). proud OF, לא proud FROM","satisfied, pleased","ashamed, embarrassed",PRO כמו מקצוען - גאה כמו PRO,proud parents graduation,ESL-Pals::Unit03::Emotions::Easy
03,Emotions,רגשות,nervous,"לחוץ, עצבני (לפני משהו)",/ˈnɜːvəs/,He felt nervous before the interview.,הוא הרגיש לחוץ לפני הריאיון.,"Don't be nervous, you will do great!","אל תהיה לחוץ, אתה תהיה נהדר!",adjective,nervous about / before / be nervous to + verb,"nervous = לחוץ לפני אירוע, לא עצבני במובן כועס (angry). I'm nervous before test = אני לחוץ","anxious, tense, worried","calm, confident, relaxed",NERVES = עצבים - לחוץ,nervous before interview,ESL-Pals::Unit03::Emotions::Easy
03,Emotions,רגשות,confident,בטוח בעצמו,/ˈkɒnfɪdənt/,She is confident about her English.,היא בטוחה בעצמה באנגלית.,"Be confident, you know the material!","תהיה בטוח בעצמך, אתה מכיר את החומר!",adjective,confident about / in / confident that + clause,"confident = בטוח בעצמך, לא בטוח ש... (sure). I'm confident about = אני בטוח בעצמי ב...","self-assured, sure, positive","insecure, nervous, shy","CON-FIDE = סומך, מאמין בעצמך",confident speaker,ESL-Pals::Unit03::Emotions::Medium
03,Emotions,רגשות,disappointed,מאוכזב,/ˌdɪsəˈpɔɪntɪd/,I was disappointed with my grade.,התאכזבתי מהציון שלי.,She was disappointed that he didn't come.,היא התאכזבה שהוא לא בא.,adjective,disappointed with / in / about / that + clause,"disappointed = אתה מאוכזב, disappointing = מאכזב (הדבר). The movie was disappointing, I was disappointed","let down, upset, discouraged","satisfied, pleased, thrilled","DIS-appointed = לא מונה, אכזבה",disappointed face low grade,ESL-Pals::Unit03::Emotions::Medium
03,Emotions,רגשות,grateful,אסיר תודה,/ˈɡreɪtfəl/,I'm grateful for your help.,אני אסיר תודה על העזרה שלך.,We are grateful to have you as a teacher.,אנחנו אסירי תודה שיש לנו אותך כמורה.,adjective,grateful for something / grateful to someone,"grateful = אסיר תודה עמוקה ורצינית, יותר מ-thankful. grateful FOR עזרה, grateful TO אדם","thankful, appreciative",ungrateful,GREAT + FUL = מלא תודה גדולה,grateful thank you hands,ESL-Pals::Unit03::Emotions::Easy
03,Emotions,רגשות,anxious,"חרד, מודאג מאוד",/ˈæŋkʃəs/,She felt anxious about her health.,היא הרגישה חרדה לגבי הבריאות שלה.,I get anxious before flying.,אני נהיה חרד לפני טיסה.,adjective,anxious about / anxious to + verb (רוצה מאוד) / anxious that,"anxious חזק מ-nervous. nervous = לחוץ לפני מבחן, anxious = חרדה אמיתית. anxious to = משתוקק, לא רק חרד","worried, nervous, uneasy","calm, relaxed, confident",ANX = חנק בגרון מחרדה,anxious worried person,ESL-Pals::Unit03::Emotions::Hard
03,Emotions,רגשות,curious,סקרן,/ˈkjʊəriəs/,Kids are curious about everything.,ילדים סקרנים לגבי הכל.,I'm curious to know what happened in Jerusalem.,אני סקרן לדעת מה קרה בירושלים.,adjective,curious about / curious to + verb,"curious = סקרן (חיובי), לא מוזר! strange = מוזר. I'm curious = אני סקרן","inquisitive, interested","indifferent, bored",Curious CAT - חתול סקרן,curious child exploring,ESL-Pals::Unit03::Emotions::Easy
03,Emotions,רגשות,jealous,"קנאי, מקנא",/ˈdʒeləs/,He was jealous of his friend's new car.,הוא קינא במכונית החדשה של חברו.,"Don't be jealous, you can achieve it too!","אל תקנא, גם אתה יכול להשיג את זה!",adjective,jealous of someone / something,"jealous OF, לא jealous FROM. jealous = קנאה ברכוש, envious דומה אבל jealous גם חשד בבגידה","envious, green with envy","content, satisfied",JEALOUS = קנאה ירוקה,jealous looking at new car,ESL-Pals::Unit03::Emotions::Medium
03,Emotions,רגשות,relieved,חש הקלה,/rɪˈliːvd/,I was relieved when I found my keys.,חשתי הקלה כשמצאתי את המפתחות.,She felt relieved after the exam.,היא חשה הקלה אחרי הבחינה.,adjective,relieved that / when / to + verb / relieved about,"relieved = חש הקלה, לא released = שוחרר. I was relieved = הוקל לי","reassured, at ease","anxious, worried, tense","RE-LIEVED = הוקל, הוסרה הדאגה",relieved sigh after stress,ESL-Pals::Unit03::Emotions::Medium
03,Emotions,רגשות,frustrated,מתוסכל,/frʌˈstreɪtɪd/,I feel frustrated when my internet is slow.,אני מרגיש מתוסכל כשהאינטרנט איטי.,He was frustrated with his English progress.,הוא היה מתוסכל מההתקדמות באנגלית.,adjective,frustrated with / by / about / frustrated that,"frustrated = אתה מתוסכל, frustrating = מתסכל (המצב). The lesson is frustrating, I am frustrated","discouraged, stuck, annoyed","satisfied, content, inspired",FRUSTRATED = תקוע כמו פקק,frustrated at computer,ESL-Pals::Unit03::Emotions::Hard
03,Emotions,רגשות,amazed,"נדהם, מופתע מאוד",/əˈmeɪzd/,We were amazed by the view of Jerusalem.,נדהמנו מהנוף של ירושלים.,I was amazed to hear her story.,נדהמתי לשמוע את הסיפור שלה.,adjective,amazed by / at / to + verb / amazed that,"amazed = אתה נדהם, amazing = מדהים. The view is amazing, I am amazed","astonished, surprised, stunned","bored, unimpressed",A-MAZED = הולך לאיבוד במבוך של הפתעה,amazed by Jerusalem Western Wall,ESL-Pals::Unit03::Emotions::Easy
03,Emotions,רגשות,exhausted,"מותש, סחוט",/ɪɡˈzɔːstɪd/,"After the hike in the desert, we were exhausted.",אחרי הטיול במדבר היינו מותשים.,I feel exhausted after work.,אני מרגיש מותש אחרי העבודה.,adjective,exhausted after / from / exhausted by,"exhausted = מותש לגמרי, חזק מ-tired. tired = עייף, exhausted = אין כוח לזוז","tired out, drained, wiped out","energetic, refreshed, rested","EX-HAUSTED = רוקנת את כל האוויר, סחוט",exhausted after hike desert,ESL-Pals::Unit03::Emotions::Easy
03,Emotions,רגשות,thrilled,"נרגש מאוד, מאושר",/θrɪld/,She was thrilled to get the job in Tel Aviv.,היא הייתה נרגשת מאוד לקבל את העבודה בתל אביב.,We were thrilled about our trip to Israel.,היינו נרגשים מאוד לגבי הטיול לישראל.,adjective,thrilled about / to + verb / thrilled that / thrilled with,"thrilled = נרגש מאוד, חזק מ-excited. thrilled זה שיא ההתרגשות!","excited, delighted, overjoyed","disappointed, bored, indifferent",THRILL = ריגוש כמו רכבת הרים,thrilled excited job offer,ESL-Pals::Unit03::Emotions::Easy
03,Emotions,רגשות,ashamed,"מתבייש, חש בושה",/əˈʃeɪmd/,He felt ashamed of his behavior.,הוא התבייש בהתנהגות שלו.,You should be ashamed of lying!,אתה צריך להתבייש ששיקרת!,adjective,ashamed of / ashamed to + verb / ashamed that,"ashamed = בושה מוסרית עמוקה, embarrassed = מבוכה רגעית. ashamed of what you did = בושה במעשה","embarrassed, guilty, remorseful","proud, unashamed",A-SHAMED = מלא בושה SHAME,ashamed head down,ESL-Pals::Unit03::Emotions::Hard
03,Emotions,רגשות,overwhelmed,"מוצף, המום (מרגשות/עבודה)",/ˌəʊvəˈwelmɪd/,I felt overwhelmed by all the homework.,הרגשתי מוצף מכל שיעורי הבית.,She was overwhelmed with emotions in Jerusalem.,היא הייתה מוצפת רגשות בירושלים.,adjective,overwhelmed by / with / overwhelmed to + verb,"overwhelmed = מוצף רגשית, לא overcame = התגבר. overwhelmed BY work = מוצף מעבודה","swamped, overloaded, buried","calm, relaxed, under control","OVER-WHELMED = מים מעל הראש, מוצף",overwhelmed with paperwork,ESL-Pals::Unit03::Emotions::Hard
03,Emotions,רגשות,inspired,"מלא השראה, נרגש מרעיון",/ɪnˈspaɪəd/,The story of Jerusalem inspired me to learn more.,הסיפור של ירושלים נתן לי השראה ללמוד יותר.,I felt inspired after the lesson.,הרגשתי מלא השראה אחרי השיעור.,adjective,inspired by / inspired to + verb,"inspired = אתה מלא השראה, inspiring = נותן השראה. She is inspiring, I am inspired","motivated, uplifted, encouraged","uninspired, discouraged, bored","IN-SPIRED = נכנסה רוח, נשמה",inspired by sunset Jerusalem,ESL-Pals::Unit03::Emotions::Medium
03,Emotions,רגשות,content,"מרוצה, מסופק",/kənˈtent/ (adj) vs /ˈkɒntent/ (noun),He felt content with his simple life.,הוא הרגיש מסופק מחייו הפשוטים.,I'm content to stay home today.,אני מסופק להישאר בבית היום.,adjective,content with / content to + verb / content that,"content (adj) = מרוצה - מבטאים kənTENT, content (noun) = תוכן - KONtent. שני פירושים שונים!","satisfied, pleased, happy","dissatisfied, unhappy, discontent","CONTENT = תוכן מספק, מסופק ממה שיש",content happy simple life,ESL-Pals::Unit03::Emotions::Medium
04,Travel,נסיעות,destination,יעד,/ˌdestɪˈneɪʃn/,Paris is a popular destination,פריז יעד פופולרי,Example 2 for destination,דוגמה 2 עבור יעד,noun,popular destination,destination עם 2 T,place,,DESTINATION יעד,destination,ESL-Pals::Unit04::Travel
04,Travel,נסיעות,itinerary,מסלול טיול,/aɪˈtɪnəreri/,Check your itinerary,בדוק את מסלול הטיול,Example 2 for itinerary,דוגמה 2 עבור מסלול טיול,noun,travel itinerary,itinerary קשה,plan,,ITINERARY מסלול,itinerary,ESL-Pals::Unit04::Travel
04,Travel,נסיעות,accommodation,לינה,/əˌkɑːməˈdeɪʃn/,We booked accommodation,הזמנו לינה,Example 2 for accommodation,דוגמה 2 עבור לינה,noun,book accommodation,accommodation עם 2 C ו-2 M,lodging,,ACCOMMODATION כפול,accommodation,ESL-Pals::Unit04::Travel
04,Travel,נסיעות,sightseeing,סיור,/ˈsaɪtsiːɪŋ/,We went sightseeing,יצאנו לסיור,Example 2 for sightseeing,דוגמה 2 עבור סיור,noun,go sightseeing,sightseeing מילה אחת,touring,,SIGHT + SEEING,sightseeing,ESL-Pals::Unit04::Travel
04,Travel,נסיעות,souvenir,מזכרת,/ˌsuːvəˈnɪr/,I bought souvenirs,קניתי מזכרות,Example 2 for souvenir,דוגמה 2 עבור מזכרת,noun,buy souvenirs,souvenir צרפתי,keepsake,,SOUVENIR מזכרת,souvenir,ESL-Pals::Unit04::Travel
04,Travel,נסיעות,passport,דרכון,/ˈpæspɔːrt/,Don't forget your passport,אל תשכח דרכון,Example 2 for passport,דוגמה 2 עבור דרכון,noun,valid passport,passport מילה אחת,document,,PASS + PORT,passport,ESL-Pals::Unit04::Travel
04,Travel,נסיעות,customs,מכס,/ˈkʌstəmz/,We went through customs,עברנו מכס,Example 2 for customs,דוגמה 2 עבור מכס,noun,go through customs,customs עם S,border control,,CUSTOMS מכס,customs,ESL-Pals::Unit04::Travel
04,Travel,נסיעות,luggage,מטען,/ˈlʌɡɪdʒ/,My luggage was lost,המטען שלי אבד,Example 2 for luggage,דוגמה 2 עבור מטען,noun,lost luggage,luggage עם 2 G,baggage,,LUGGAGE עם GG,luggage,ESL-Pals::Unit04::Travel
04,Travel,נסיעות,departure,המראה,/dɪˈpɑːrtʃər/,Departure is at 8am,ההמראה ב-8,Example 2 for departure,דוגמה 2 עבור המראה,noun,departure time,departure עם URE,leaving,,DEPARTURE עזיבה,departure,ESL-Pals::Unit04::Travel
04,Travel,נסיעות,arrival,נחיתה,/əˈraɪvl/,Arrival is at 10am,הנחיתה ב-10,Example 2 for arrival,דוגמה 2 עבור נחיתה,noun,arrival time,arrival עם 2 R,landing,,ARRIVAL הגעה,arrival,ESL-Pals::Unit04::Travel
04,Travel,נסיעות,delay,עיכוב,/dɪˈleɪ/,Our flight was delayed,הטיסה שלנו התעכבה,Example 2 for delay,דוגמה 2 עבור עיכוב,noun/verb,flight delay,delay לא delete,late,,DELAY מאוחר,delay,ESL-Pals::Unit04::Travel
04,Travel,נסיעות,cancel,לבטל,/ˈkænsəl/,They canceled the flight,הם ביטלו את הטיסה,Example 2 for cancel,דוגמה 2 עבור לבטל,verb,cancel a flight,cancel עם 1 L ב-US,abort,,CANCEL לבטל,cancel,ESL-Pals::Unit04::Travel
04,Travel,נסיעות,explore,לחקור,/ɪkˈsplɔːr/,We explored Jerusalem,חקרנו את ירושלים,Example 2 for explore,דוגמה 2 עבור לחקור,verb,explore the city,explore לא explode,discover,,EXPLORE לחקור,explore,ESL-Pals::Unit04::Travel
04,Travel,נסיעות,adventure,הרפתקה,/ədˈventʃər/,It was an adventure,זו הייתה הרפתקה,Example 2 for adventure,דוגמה 2 עבור הרפתקה,noun,go on an adventure,adventure עם TURE,journey,,ADVENTURE הרפתקה,adventure,ESL-Pals::Unit04::Travel
04,Travel,נסיעות,backpack,תרמיל,/ˈbækpæk/,He carries a backpack,הוא נושא תרמיל,Example 2 for backpack,דוגמה 2 עבור תרמיל,noun/verb,carry a backpack,backpack מילה אחת,rucksack,,BACK + PACK,backpack,ESL-Pals::Unit04::Travel
04,Travel,נסיעות,guide,מדריך,/ɡaɪd/,Our guide was excellent,המדריך שלנו היה מצוין,Example 2 for guide,דוגמה 2 עבור מדריך,noun/verb,tour guide,guide לא guid,leader,,GUIDE מדריך,guide,ESL-Pals::Unit04::Travel
04,Travel,נסיעות,reservation,הזמנה,/ˌrezərˈveɪʃn/,I made a reservation,ביצעתי הזמנה,Example 2 for reservation,דוגמה 2 עבור הזמנה,noun,make a reservation,reservation עם 2 R,booking,,RESERVATION הזמנה,reservation,ESL-Pals::Unit04::Travel
04,Travel,נסיעות,check-in,צ'ק אין,/ˈtʃek ɪn/,Check-in is at 3pm,צ'ק אין ב-3,Example 2 for check-in,דוגמה 2 עבור צ'ק אין,noun/verb,check in at hotel,check-in עם מקף,register,,CHECK-IN כניסה,check-in,ESL-Pals::Unit04::Travel
04,Travel,נסיעות,view,נוף,/vjuː/,The view was amazing,הנוף היה מדהים,Example 2 for view,דוגמה 2 עבור נוף,noun/verb,beautiful view,view לא viev,scenery,,VIEW לראות,view,ESL-Pals::Unit04::Travel
04,Travel,נסיעות,experience,חוויה,/ɪkˈspɪəriəns/,It was a great experience,זו הייתה חוויה נהדרת,Example 2 for experience,דוגמה 2 עבור חוויה,noun/verb,great experience,experience עם 2 E,adventure,,EXPERIENCE חוויה,experience,ESL-Pals::Unit04::Travel
05,Food,אוכל,ingredient,מרכיב,/ɪnˈɡriːdiənt/,Tomato is main ingredient,עגבנייה מרכיב עיקרי,Example 2 for ingredient,דוגמה 2 עבור מרכיב,noun,main ingredient,ingredient עם 2 E,component,,INGREDIENT מרכיב,ingredient,ESL-Pals::Unit05::Food
05,Food,אוכל,recipe,מתכון,/ˈresəpi/,I followed the recipe,עקבתי אחרי המתכון,Example 2 for recipe,דוגמה 2 עבור מתכון,noun,follow a recipe,recipe לא reciepe,instructions,,RECIPE מתכון,recipe,ESL-Pals::Unit05::Food
05,Food,אוכל,delicious,טעים,/dɪˈlɪʃəs/,The food is delicious,האוכל טעים,Example 2 for delicious,דוגמה 2 עבור טעים,adj,delicious food,delicious עם 2 I,tasty,,DELICIOUS טעים,delicious,ESL-Pals::Unit05::Food
05,Food,אוכל,cuisine,מטבח,/kwɪˈziːn/,I love Italian cuisine,אני אוהב מטבח איטלקי,Example 2 for cuisine,דוגמה 2 עבור מטבח,noun,Italian cuisine,cuisine צרפתי,cooking,,CUISINE מטבח,cuisine,ESL-Pals::Unit05::Food
05,Food,אוכל,appetizer,מנה ראשונה,/ˈæpɪtaɪzər/,We ordered appetizers,הזמנו מנות ראשונות,Example 2 for appetizer,דוגמה 2 עבור מנה ראשונה,noun,order appetizers,"appetizer US, starter UK",starter,,APPETIZER תאבון,appetizer,ESL-Pals::Unit05::Food
05,Food,אוכל,main course,מנה עיקרית,/ˌmeɪn ˈkɔːrs/,What's the main course?,מה המנה העיקרית?,Example 2 for main course,דוגמה 2 עבור מנה עיקרית,noun,main course,main course 2 מילים,entree,,MAIN + COURSE,main course,ESL-Pals::Unit05::Food
05,Food,אוכל,dessert,קינוח,/dɪˈzɜːrt/,"For dessert, ice cream","לקינוח, גלידה",Example 2 for dessert,דוגמה 2 עבור קינוח,noun,for dessert,dessert עם 2 S מתוק,sweet,,DESSERT עם SS מתוק,dessert,ESL-Pals::Unit05::Food
05,Food,אוכל,beverage,משקה,/ˈbevərɪdʒ/,Would you like a beverage?,תרצה משקה?,Example 2 for beverage,דוגמה 2 עבור משקה,noun,hot beverage,beverage עם 2 E,drink,,BEVERAGE משקה,beverage,ESL-Pals::Unit05::Food
05,Food,אוכל,spicy,חריף,/ˈspaɪsi/,The food is too spicy,האוכל חריף מדי,Example 2 for spicy,דוגמה 2 עבור חריף,adj,spicy food,spicy לא spice,hot,,SPICY חריף,spicy,ESL-Pals::Unit05::Food
05,Food,אוכל,vegetarian,צמחוני,/ˌvedʒəˈteriən/,She is vegetarian,היא צמחונית,Example 2 for vegetarian,דוגמה 2 עבור צמחוני,noun/adj,vegetarian diet,vegetarian עם G,veggie,,VEGETARIAN צמחוני,vegetarian,ESL-Pals::Unit05::Food
05,Food,אוכל,organic,אורגני,/ɔːrˈɡænɪk/,I buy organic food,אני קונה אוכל אורגני,Example 2 for organic,דוגמה 2 עבור אורגני,adj,organic food,organic לא organiz,natural,,ORGANIC אורגני,organic,ESL-Pals::Unit05::Food
05,Food,אוכל,portion,מנה,/ˈpɔːrʃn/,The portion was huge,המנה הייתה ענקית,Example 2 for portion,דוגמה 2 עבור מנה,noun,large portion,portion לא potion,serving,,PORTION מנה,portion,ESL-Pals::Unit05::Food
05,Food,אוכל,leftover,שאריות,/ˈleftˌoʊvər/,We have leftovers,יש לנו שאריות,Example 2 for leftover,דוגמה 2 עבור שאריות,noun/adj,leftovers,leftover מילה אחת,remains,,LEFT + OVER נשאר,leftover,ESL-Pals::Unit05::Food
05,Food,אוכל,craving,חשק,/ˈkreɪvɪŋ/,I have a craving for chocolate,יש לי חשק לשוקולד,Example 2 for craving,דוגמה 2 עבור חשק,noun,have a craving,craving עם V,desire,,CRAVING חשק,craving,ESL-Pals::Unit05::Food
05,Food,אוכל,utensil,כלי אוכל,/juːˈtensl/,We need utensils,אנחנו צריכים כלי אוכל,Example 2 for utensil,דוגמה 2 עבור כלי אוכל,noun,kitchen utensils,utensil עם 1 L,tool,,UTENSIL כלי,utensil,ESL-Pals::Unit05::Food
05,Food,אוכל,flavor,טעם,/ˈfleɪvər/,Add more flavor,הוסף עוד טעם,Example 2 for flavor,דוגמה 2 עבור טעם,noun/verb,add flavor,"flavor US, flavour UK",taste,,FLAVOR טעם,flavor,ESL-Pals::Unit05::Food
05,Food,אוכל,taste,לטעום,/teɪst/,Taste the soup,תטעם את המרק,Example 2 for taste,דוגמה 2 עבור לטעום,noun/verb,taste the food,taste לא test,flavor,,TASTE טעם,taste,ESL-Pals::Unit05::Food
05,Food,אוכל,cook,לבשל,/kʊk/,I cook every day,אני מבשל כל יום,Example 2 for cook,דוגמה 2 עבור לבשל,verb/noun,cook dinner,cook לא cock,prepare,,COOK לבשל,cook,ESL-Pals::Unit05::Food
05,Food,אוכל,bake,לאפות,/beɪk/,She bakes bread,היא אופה לחם,Example 2 for bake,דוגמה 2 עבור לאפות,verb,bake bread,bake לא back,roast,,BAKE לאפות,bake,ESL-Pals::Unit05::Food
05,Food,אוכל,restaurant,מסעדה,/ˈrestrɑːnt/,We went to a restaurant,הלכנו למסעדה,Example 2 for restaurant,דוגמה 2 עבור מסעדה,noun,go to a restaurant,restaurant עם AU,eatery,,RESTAURANT מסעדה,restaurant,ESL-Pals::Unit05::Food
06,Health,Health,symptom,תסמין,/ˈsɪmptəm/,I need to show symptoms,דוגמה לתסמין,Second example for symptom,דוגמה שנייה,noun,show symptoms,symptom לא כמו...,,,לזכור symptom,symptom,ESL-Pals::Unit06
06,Health,Health,diagnosis,אבחנה,/ˌdaɪəɡˈnoʊsɪs/,I need to medical diagnosis,דוגמה לאבחנה,Second example for diagnosis,דוגמה שנייה,noun,medical diagnosis,diagnosis לא כמו...,,,לזכור diagnosis,diagnosis,ESL-Pals::Unit06
06,Health,Health,treatment,טיפול,/ˈtriːtmənt/,I need to medical treatment,דוגמה לטיפול,Second example for treatment,דוגמה שנייה,noun,medical treatment,treatment לא כמו...,,,לזכור treatment,treatment,ESL-Pals::Unit06
06,Health,Health,prescription,מרשם,/prɪˈskrɪpʃn/,I need to doctor's prescription,דוגמה למרשם,Second example for prescription,דוגמה שנייה,noun,doctor's prescription,prescription לא כמו...,,,לזכור prescription,prescription,ESL-Pals::Unit06
06,Health,Health,appointment,תור,/əˈpɔɪntmənt/,I need to doctor appointment,דוגמה לתור,Second example for appointment,דוגמה שנייה,noun,doctor appointment,appointment לא כמו...,,,לזכור appointment,appointment,ESL-Pals::Unit06
06,Health,Health,pain,כאב,/peɪn/,I need to feel pain,דוגמה לכאב,Second example for pain,דוגמה שנייה,noun,feel pain,pain לא כמו...,,,לזכור pain,pain,ESL-Pals::Unit06
06,Health,Health,injury,פציעה,/ˈɪndʒəri/,I need to serious injury,דוגמה לפציעה,Second example for injury,דוגמה שנייה,noun,serious injury,injury לא כמו...,,,לזכור injury,injury,ESL-Pals::Unit06
06,Health,Health,recovery,החלמה,/rɪˈkʌvəri/,I need to speedy recovery,דוגמה להחלמה,Second example for recovery,דוגמה שנייה,noun,speedy recovery,recovery לא כמו...,,,לזכור recovery,recovery,ESL-Pals::Unit06
06,Health,Health,exercise,פעילות גופנית,/ˈeksərsaɪz/,I need to regular exercise,דוגמה לפעילות גופנית,Second example for exercise,דוגמה שנייה,noun,regular exercise,exercise לא כמו...,,,לזכור exercise,exercise,ESL-Pals::Unit06
06,Health,Health,diet,דיאטה,/ˈdaɪət/,I need to healthy diet,דוגמה לדיאטה,Second example for diet,דוגמה שנייה,noun,healthy diet,diet לא כמו...,,,לזכור diet,diet,ESL-Pals::Unit06
06,Health,Health,sleep,שינה,/sliːp/,I need to get enough sleep,דוגמה לשינה,Second example for sleep,דוגמה שנייה,noun,get enough sleep,sleep לא כמו...,,,לזכור sleep,sleep,ESL-Pals::Unit06
06,Health,Health,stress,לחץ,/stres/,I need to reduce stress,דוגמה ללחץ,Second example for stress,דוגמה שנייה,noun,reduce stress,stress לא כמו...,,,לזכור stress,stress,ESL-Pals::Unit06
06,Health,Health,mental,נפשי,/ˈmentl/,I need to mental health,דוגמה לנפשי,Second example for mental,דוגמה שנייה,noun,mental health,mental לא כמו...,,,לזכור mental,mental,ESL-Pals::Unit06
06,Health,Health,physical,פיזי,/ˈfɪzɪkl/,I need to physical health,דוגמה לפיזי,Second example for physical,דוגמה שנייה,noun,physical health,physical לא כמו...,,,לזכור physical,physical,ESL-Pals::Unit06
06,Health,Health,habit,הרגל,/ˈhæbɪt/,I need to healthy habit,דוגמה להרגל,Second example for habit,דוגמה שנייה,noun,healthy habit,habit לא כמו...,,,לזכור habit,habit,ESL-Pals::Unit06
06,Health,Health,checkup,בדיקה,/ˈtʃekʌp/,I need to medical checkup,דוגמה לבדיקה,Second example for checkup,דוגמה שנייה,noun,medical checkup,checkup לא כמו...,,,לזכור checkup,checkup,ESL-Pals::Unit06
06,Health,Health,vaccine,חיסון,/vækˈsiːn/,I need to get vaccinated,דוגמה לחיסון,Second example for vaccine,דוגמה שנייה,noun,get vaccinated,vaccine לא כמו...,,,לזכור vaccine,vaccine,ESL-Pals::Unit06
06,Health,Health,emergency,חירום,/ɪˈmɜːrdʒənsi/,I need to medical emergency,דוגמה לחירום,Second example for emergency,דוגמה שנייה,noun,medical emergency,emergency לא כמו...,,,לזכור emergency,emergency,ESL-Pals::Unit06
06,Health,Health,medicine,תרופה,/ˈmedsn/,I need to take medicine,דוגמה לתרופה,Second example for medicine,דוגמה שנייה,noun,take medicine,medicine לא כמו...,,,לזכור medicine,medicine,ESL-Pals::Unit06
06,Health,Health,doctor,רופא,/ˈdɑːktər/,I need to family doctor,דוגמה לרופא,Second example for doctor,דוגמה שנייה,noun,family doctor,doctor לא כמו...,,,לזכור doctor,doctor,ESL-Pals::Unit06
07,Work,Work,career,קריירה,/kəˈrɪər/,I need to career path,דוגמה לקריירה,Second example for career,דוגמה שנייה,noun,career path,career לא כמו...,,,לזכור career,career,ESL-Pals::Unit07
07,Work,Work,interview,ראיון,/ˈɪntərvjuː/,I need to job interview,דוגמה לראיון,Second example for interview,דוגמה שנייה,noun,job interview,interview לא כמו...,,,לזכור interview,interview,ESL-Pals::Unit07
07,Work,Work,resume,קורות חיים,/rəˈzuːmeɪ/,I need to send resume,דוגמה לקורות חיים,Second example for resume,דוגמה שנייה,noun,send resume,resume לא כמו...,,,לזכור resume,resume,ESL-Pals::Unit07
07,Work,Work,salary,משכורת,/ˈsæləri/,I need to monthly salary,דוגמה למשכורת,Second example for salary,דוגמה שנייה,noun,monthly salary,salary לא כמו...,,,לזכור salary,salary,ESL-Pals::Unit07
07,Work,Work,promotion,קידום,/prəˈmoʊʃn/,I need to get promotion,דוגמה לקידום,Second example for promotion,דוגמה שנייה,noun,get promotion,promotion לא כמו...,,,לזכור promotion,promotion,ESL-Pals::Unit07
07,Work,Work,colleague,קולגה,/ˈkɑːliːɡ/,I need to work colleague,דוגמה לקולגה,Second example for colleague,דוגמה שנייה,noun,work colleague,colleague לא כמו...,,,לזכור colleague,colleague,ESL-Pals::Unit07
07,Work,Work,meeting,ישיבה,/ˈmiːtɪŋ/,I need to business meeting,דוגמה לישיבה,Second example for meeting,דוגמה שנייה,noun,business meeting,meeting לא כמו...,,,לזכור meeting,meeting,ESL-Pals::Unit07
07,Work,Work,deadline,דדליין,/ˈdedlaɪn/,I need to meet deadline,דוגמה לדדליין,Second example for deadline,דוגמה שנייה,noun,meet deadline,deadline לא כמו...,,,לזכור deadline,deadline,ESL-Pals::Unit07
07,Work,Work,project,פרויקט,/ˈprɑːdʒekt/,I need to manage project,דוגמה לפרויקט,Second example for project,דוגמה שנייה,noun,manage project,project לא כמו...,,,לזכור project,project,ESL-Pals::Unit07
07,Work,Work,team,צוות,/tiːm/,I need to team work,דוגמה לצוות,Second example for team,דוגמה שנייה,noun,team work,team לא כמו...,,,לזכור team,team,ESL-Pals::Unit07
07,Work,Work,manager,מנהל,/ˈmænɪdʒər/,I need to project manager,דוגמה למנהל,Second example for manager,דוגמה שנייה,noun,project manager,manager לא כמו...,,,לזכור manager,manager,ESL-Pals::Unit07
07,Work,Work,employee,עובד,/ɪmˈplɔɪiː/,I need to new employee,דוגמה לעובד,Second example for employee,דוגמה שנייה,noun,new employee,employee לא כמו...,,,לזכור employee,employee,ESL-Pals::Unit07
07,Work,Work,employer,מעסיק,/ɪmˈplɔɪər/,I need to good employer,דוגמה למעסיק,Second example for employer,דוגמה שנייה,noun,good employer,employer לא כמו...,,,לזכור employer,employer,ESL-Pals::Unit07
07,Work,Work,overtime,שעות נוספות,/ˈoʊvərtaɪm/,I need to work overtime,דוגמה לשעות נוספות,Second example for overtime,דוגמה שנייה,noun,work overtime,overtime לא כמו...,,,לזכור overtime,overtime,ESL-Pals::Unit07
07,Work,Work,benefit,הטבה,/ˈbenɪfɪt/,I need to job benefits,דוגמה להטבה,Second example for benefit,דוגמה שנייה,noun,job benefits,benefit לא כמו...,,,לזכור benefit,benefit,ESL-Pals::Unit07
07,Work,Work,experience,ניסיון,/ɪkˈspɪəriəns/,I need to work experience,דוגמה לניסיון,Second example for experience,דוגמה שנייה,noun,work experience,experience לא כמו...,,,לזכור experience,experience,ESL-Pals::Unit07
07,Work,Work,skill,מיומנות,/skɪl/,I need to job skills,דוגמה למיומנות,Second example for skill,דוגמה שנייה,noun,job skills,skill לא כמו...,,,לזכור skill,skill,ESL-Pals::Unit07
07,Work,Work,training,הכשרה,/ˈtreɪnɪŋ/,I need to job training,דוגמה להכשרה,Second example for training,דוגמה שנייה,noun,job training,training לא כמו...,,,לזכור training,training,ESL-Pals::Unit07
07,Work,Work,retire,לפרוש,/rɪˈtaɪər/,I need to retire from work,דוגמה ללפרוש,Second example for retire,דוגמה שנייה,noun,retire from work,retire לא כמו...,,,לזכור retire,retire,ESL-Pals::Unit07
07,Work,Work,freelance,פרילנס,/ˈfriːlæns/,I need to freelance work,דוגמה לפרילנס,Second example for freelance,דוגמה שנייה,noun,freelance work,freelance לא כמו...,,,לזכור freelance,freelance,ESL-Pals::Unit07
08,Shopping,קניות וכסף,price,מחיר,/praɪs/,What is the price?,מה המחיר?,,,noun,set a price,,,,PRICEמחיר,shopping_word_1,ESL-Pals::Unit08
08,Shopping,קניות וכסף,discount,הנחה,/ˈdɪskaʊnt/,There is a 20% discount,יש הנחה של 20%,,,noun,get a discount,,,,DIS + COUNT,shopping_word_2,ESL-Pals::Unit08
08,Shopping,קניות וכסף,receipt,קבלה,/rɪˈsiːt/,Keep your receipt,שמור את הקבלה,,,noun,issue a receipt,,,,RECEIVE → RECEIPT,shopping_word_3,ESL-Pals::Unit08
08,Shopping,קניות וכסף,cash,מזומן,/kæʃ/,Do you have cash?,יש לך מזומן?,,,noun,pay in cash,,,,CASHמזומן,shopping_word_4,ESL-Pals::Unit08
08,Shopping,קניות וכסף,credit card,כרטיס אשראי,/ˈkredɪt kɑːrd/,Can I pay by credit card?,אפשר לשלם בכרטיס אשראי?,,,noun,use a credit card,,,,CREDIT + CARD,shopping_word_5,ESL-Pals::Unit08
08,Shopping,קניות וכסף,expensive,יקר,/ɪkˈspensɪv/,This is too expensive,זה יקר מדי,,,adjective,too expensive,,,,EXPENSE + IVE,shopping_word_6,ESL-Pals::Unit08
08,Shopping,קניות וכסף,cheap,זול,/tʃiːp/,This shirt is cheap,החולצה הזו זולה,,,adjective,cheap price,,,,CHEAPזול,shopping_word_7,ESL-Pals::Unit08
08,Shopping,קניות וכסף,bargain,מציאה,/ˈbɑːrɡən/,That was a bargain!,זאת היתה מציאה!,,,noun,real bargain,,,,BARGAINמציאה,shopping_word_8,ESL-Pals::Unit08
08,Shopping,קניות וכסף,refund,החזר כספי,/ˈriːfʌnd/,I want a refund,אני רוצה החזר כספי,,,noun,ask for a refund,,,,RE + FUND,shopping_word_9,ESL-Pals::Unit08
08,Shopping,קניות וכסף,shopping,קניות,/ˈʃɒpɪŋ/,I go shopping on weekends,אני הולך לקניות בסופשים,,,noun,go shopping,,,,SHOP + PING,shopping_word_10,ESL-Pals::Unit08
08,Shopping,קניות וכסף,wallet,ארנק,/ˈwɒlɪt/,I lost my wallet,איבדתי את הארנק,,,noun,open your wallet,,,,WALL + ET,shopping_word_11,ESL-Pals::Unit08
08,Shopping,קניות וכסף,sale,מבצע,/seɪl/,The store has a sale,לחנות יש מבצע,,,noun,on sale,,,,SALEמבצע,shopping_word_12,ESL-Pals::Unit08
08,Shopping,קניות וכסף,customer,לקוח,/ˈkʌstəmər/,The customer is always right,הלקוח תמיד צודק,,,noun,satisfied customer,,,,CUSTOM + ER,shopping_word_13,ESL-Pals::Unit08
08,Shopping,קניות וכסף,cashier,קופאי,/kæˈʃɪr/,Pay the cashier,שלם לקופאי,,,noun,work as a cashier,,,,CASH + IER,shopping_word_14,ESL-Pals::Unit08
08,Shopping,קניות וכסף,delivery,משלוח,/dɪˈlɪvəri/,The delivery arrived,המשלוח הגיע,,,noun,home delivery,,,,DELIVER + Y,shopping_word_15,ESL-Pals::Unit08
08,Shopping,קניות וכסף,order,הזמנה,/ˈɔːrdər/,I placed an order,ביצעתי הזמנה,,,noun/verb,place an order,,,,ORDERהזמנה,shopping_word_16,ESL-Pals::Unit08
08,Shopping,קניות וכסף,return,החזרה,/rɪˈtɜːrn/,I want to return this,אני רוצה להחזיר את זה,,,noun/verb,return policy,,,,RE + TURN,shopping_word_17,ESL-Pals::Unit08
08,Shopping,קניות וכסף,size,מידה,/saɪz/,What size do you need?,איזו מידה אתה צריך?,,,noun,try a different size,,,,SIZEמידה,shopping_word_18,ESL-Pals::Unit08
08,Shopping,קניות וכסף,try on,למדוד,/traɪ ɒn/,Can I try this on?,אפשר למדוד?,,,verb,try on clothes,,,,TRY + ON,shopping_word_19,ESL-Pals::Unit08
08,Shopping,קניות וכסף,store,חנות,/stɔːr/,The store is open,החנות פתוחה,,,noun,department store,,,,STOREחנות,shopping_word_20,ESL-Pals::Unit08
09,Technology,טכנולוגיה ומדיה,software,תוכנה,/ˈsɒftwer/,Install the software,התקן את התוכנה,,,noun,software update,,,,SOFT + WARE,technology_word_1,ESL-Pals::Unit09
09,Technology,טכנולוגיה ומדיה,hardware,חומרה,/ˈhɑːrdwer/,The hardware is fast,החומרה מהירה,,,noun,computer hardware,,,,HARD + WARE,technology_word_2,ESL-Pals::Unit09
09,Technology,טכנולוגיה ומדיה,password,סיסמה,/ˈpæswɜːrd/,Enter your password,הכנס את הסיסמה,,,noun,change password,,,,PASS + WORD,technology_word_3,ESL-Pals::Unit09
09,Technology,טכנולוגיה ומדיה,download,הורדה,/ˈdaʊnloʊd/,Download the app,הורד את האפליקציה,,,noun/verb,download a file,,,,DOWN + LOAD,technology_word_4,ESL-Pals::Unit09
09,Technology,טכנולוגיה ומדיה,upload,העלאה,/ˈʌploʊd/,Upload the photo,עלה את התמונה,,,noun/verb,upload a file,,,,UP + LOAD,technology_word_5,ESL-Pals::Unit09
09,Technology,טכנולוגיה ומדיה,website,אתר אינטרנט,/ˈwebsaɪt/,Visit our website,בקר באתר שלנו,,,noun,build a website,,,,WEB + SITE,technology_word_6,ESL-Pals::Unit09
09,Technology,טכנולוגיה ומדיה,search engine,מנוע חיפוש,/sɜːrtʃ ˈendʒɪn/,Use a search engine,השתמש במנוע חיפוש,,,noun,search engine,,,,SEARCH + ENGINE,technology_word_7,ESL-Pals::Unit09
09,Technology,טכנולוגיה ומדיה,social media,רשתות חברתיות,/ˈsoʊʃl ˈmiːdiə/,Social media is powerful,רשתות חברתיות חזקות,,,noun,social media,,,,SOCIAL + MEDIA,technology_word_8,ESL-Pals::Unit09
09,Technology,טכנולוגיה ומדיה,app,אפליקציה,/æp/,Download this app,הורד את האפליקציה,,,noun,mobile app,,,,APPאפליקציה,technology_word_9,ESL-Pals::Unit09
09,Technology,טכנולוגיה ומדיה,screen,מסך,/skriːn/,The screen is big,המסך גדול,,,noun,touch screen,,,,SCREENמסך,technology_word_10,ESL-Pals::Unit09
09,Technology,טכנולוגיה ומדיה,battery,סוללה,/ˈbætəri/,The battery is low,הסוללה נמוכה,,,noun,charge battery,,,,BATTERYסוללה,technology_word_11,ESL-Pals::Unit09
09,Technology,טכנולוגיה ומדיה,keyboard,מקלדת,/ˈkiːbɔːrd/,Type on the keyboard,הקלד על המקלדת,,,noun,wireless keyboard,,,,KEY + BOARD,technology_word_12,ESL-Pals::Unit09
09,Technology,טכנולוגיה ומדיה,printer,מדפסת,/ˈprɪntər/,The printer is out of ink,המדפסת בלי דיו,,,noun,use the printer,,,,PRINT + ER,technology_word_13,ESL-Pals::Unit09
09,Technology,טכנולוגיה ומדיה,email,אימייל,/ˈiːmeɪl/,Send me an email,שלח לי אימייל,,,noun/verb,send an email,,,,E + MAIL,technology_word_14,ESL-Pals::Unit09
09,Technology,טכנולוגיה ומדיה,internet,אינטרנט,/ˈɪntərnet/,The internet is slow,האינטרנט איטי,,,noun,internet connection,,,,INTER + NET,technology_word_15,ESL-Pals::Unit09
09,Technology,טכנולוגיה ומדיה,data,נתונים,/ˈdeɪtə/,Check the data,בדוק את הנתונים,,,noun,collect data,,,,DATAנתונים,technology_word_16,ESL-Pals::Unit09
09,Technology,טכנולוגיה ומדיה,file,קובץ,/faɪl/,Save the file,שמור את הקובץ,,,noun,open a file,,,,FILEקובץ,technology_word_17,ESL-Pals::Unit09
09,Technology,טכנולוגיה ומדיה,network,רשת,/ˈnetwɜːrk/,Connect to the network,התחבר לרשת,,,noun,computer network,,,,NET + WORK,technology_word_18,ESL-Pals::Unit09
09,Technology,טכנולוגיה ומדיה,update,עדכון,/ʌpˈdeɪt/,Install the update,התקן את העדכון,,,noun/verb,software update,,,,UP + DATE,technology_word_19,ESL-Pals::Unit09
09,Technology,טכנולוגיה ומדיה,backup,גיבוי,/ˈbækʌp/,Always backup your data,תמיד גבה את הנתונים,,,noun/verb,create a backup,,,,BACK + UP,technology_word_20,ESL-Pals::Unit09
10,Education,חינוך ולמידה,university,אוניברסיטה,/ˌjuːnɪˈvɜːrsəti/,She studies at the university,היא לומדת באוניברסיטה,,,noun,go to university,,,,UNIVERSE + ITY,education_word_1,ESL-Pals::Unit10
10,Education,חינוך ולמידה,degree,תואר,/dɪˈɡriː/,I have a BA degree,יש לי תואר ראשון,,,noun,get a degree,,,,DEGREE תואר,education_word_2,ESL-Pals::Unit10
10,Education,חינוך ולמידה,exam,מבחן,/ɪɡˈzæm/,The exam is tomorrow,המבחן מחר,,,noun,pass an exam,,,,EXAM מבחן,education_word_3,ESL-Pals::Unit10
10,Education,חינוך ולמידה,homework,שיעורי בית,/ˈhoʊmwɜːrk/,Do your homework,עשה את שיעורי הבית,,,noun,finish homework,,,,HOME + WORK,education_word_4,ESL-Pals::Unit10
10,Education,חינוך ולמידה,teacher,מורה,/ˈtiːtʃər/,The teacher is great,המורה מצוין,,,noun,class teacher,,,,TEACH + ER,education_word_5,ESL-Pals::Unit10
10,Education,חינוך ולמידה,student,סטודנט,/ˈstjuːdnt/,I am a student,אני סטודנט,,,noun,university student,,,,STUDENT סטודנט,education_word_6,ESL-Pals::Unit10
10,Education,חינוך ולמידה,lecture,הרצאה,/ˈlektʃər/,The lecture was interesting,ההרצאה היתה מעניינת,,,noun,attend a lecture,,,,LECTURE הרצאה,education_word_7,ESL-Pals::Unit10
10,Education,חינוך ולמידה,textbook,ספר לימוד,/ˈtekstbʊk/,Read the textbook,קרא את ספר הלימוד,,,noun,history textbook,,,,TEXT + BOOK,education_word_8,ESL-Pals::Unit10
10,Education,חינוך ולמידה,scholarship,מלגה,/ˈskɒlərʃɪp/,I got a scholarship,קיבלתי מלגה,,,noun,win a scholarship,,,,SCHOLAR + SHIP,education_word_9,ESL-Pals::Unit10
10,Education,חינוך ולמידה,assignment,מטלה,/əˈsaɪnmənt/,Submit the assignment,הגש את המטלה,,,noun,complete an assignment,,,,ASSIGN + MENT,education_word_10,ESL-Pals::Unit10
10,Education,חינוך ולמידה,grade,ציון,/ɡreɪd/,I got a good grade,קיבלתי ציון טוב,,,noun,get a grade,,,,GRADE ציון,education_word_11,ESL-Pals::Unit10
10,Education,חינוך ולמידה,library,ספרייה,/ˈlaɪbreri/,Study at the library,למוד בספרייה,,,noun,public library,,,,LIBRARY ספרייה,education_word_12,ESL-Pals::Unit10
10,Education,חינוך ולמידה,research,מחקר,/rɪˈsɜːrtʃ/,Do research on the topic,עשה מחקר על הנושא,,,noun/verb,conduct research,,,,RE + SEARCH לחפש שוב,education_word_13,ESL-Pals::Unit10
10,Education,חינוך ולמידה,graduate,בוגר,/ˈɡrædʒuət/,I graduated last year,סיימתי בשנה שעברה,,,noun/verb,graduate from university,,,,GRADUATE בוגר,education_word_14,ESL-Pals::Unit10
10,Education,חינוך ולמידה,certificate,תעודה,/sərˈtɪfɪkət/,I got a certificate,קיבלתי תעודה,,,noun,completion certificate,,,,CERTIFY + CATE,education_word_15,ESL-Pals::Unit10
10,Education,חינוך ולמידה,course,קורס,/kɔːrs/,I enrolled in a course,נרשמתי לקורס,,,noun,take a course,,,,COURSE מסלול,education_word_16,ESL-Pals::Unit10
10,Education,חינוך ולמידה,tutor,מורה פרטי,/ˈtuːtər/,I need a math tutor,אני צריך מורה פרטי למתמטיקה,,,noun,private tutor,,,,TUTOR מורה,education_word_17,ESL-Pals::Unit10
10,Education,חינוך ולמידה,quiz,חידון,/kwɪz/,We have a quiz today,יש לנו חידון היום,,,noun,take a quiz,,,,QUIZ חידון,education_word_18,ESL-Pals::Unit10
10,Education,חינוך ולמידה,knowledge,ידע,/ˈnɒlɪdʒ/,Knowledge is power,ידע הוא כוח,,,noun,gain knowledge,,,,KNOW + LEDGE,education_word_19,ESL-Pals::Unit10
10,Education,חינוך ולמידה,skill,מיומנות,/skɪl/,Practice your skills,תרגל את המיומנויות שלך,,,noun,develop a skill,,,,SKILL מיומנות,education_word_20,ESL-Pals::Unit10
11,Culture,תרבות ופנאי,museum,מוזיאון,/mjuˈziːəm/,Visit the museum,בקר במוזיאון,,,noun,art museum,,,,MUSE + UM,culture_word_1,ESL-Pals::Unit11
11,Culture,תרבות ופנאי,concert,הופעה,/ˈkɒnsərt/,The concert was amazing,ההופעה היתה מדהימה,,,noun,go to a concert,,,,CONCERT הופעה,culture_word_2,ESL-Pals::Unit11
11,Culture,תרבות ופנאי,theater,תיאטרון,/ˈθɪətər/,We went to the theater,הלכנו לתיאטרון,,,noun,go to the theater,,,,THEATER תיאטרון,culture_word_3,ESL-Pals::Unit11
11,Culture,תרבות ופנאי,exhibition,תערוכה,/ˌeksɪˈbɪʃn/,There is an exhibition,יש תערוכה,,,noun,art exhibition,,,,EXHIBIT + ION,culture_word_4,ESL-Pals::Unit11
11,Culture,תרבות ופנאי,festival,פסטיבל,/ˈfestɪvl/,The music festival is fun,פסטיבל המוזיקה כיפי,,,noun,music festival,,,,FESTIVAL פסטיבל,culture_word_5,ESL-Pals::Unit11
11,Culture,תרבות ופנאי,gallery,גלריה,/ˈɡæləri/,The gallery has new art,לגלריה יש אמנות חדשה,,,noun,art gallery,,,,GALLERY גלריה,culture_word_6,ESL-Pals::Unit11
11,Culture,תרבות ופנאי,performance,מופע,/pərˈfɔːrməns/,The performance was great,המופע היה מצוין,,,noun,live performance,,,,PERFORM + ANCE,culture_word_7,ESL-Pals::Unit11
11,Culture,תרבות ופנאי,audience,קהל,/ˈɔːdiəns/,The audience loved it,הקהל אהב את זה,,,noun,in front of an audience,,,,AUDIO + ENCE,culture_word_8,ESL-Pals::Unit11
11,Culture,תרבות ופנאי,tradition,מסורת,/trəˈdɪʃn/,It's a family tradition,זאת מסורת משפחתית,,,noun,cultural tradition,,,,TRADITION מסורת,culture_word_9,ESL-Pals::Unit11
11,Culture,תרבות ופנאי,custom,מנהג,/ˈkʌstəm/,Every country has its customs,לכל מדינה יש מנהגים,,,noun,local custom,,,,CUSTOM מנהג,culture_word_10,ESL-Pals::Unit11
11,Culture,תרבות ופנאי,heritage,מורשת,/ˈherɪtɪdʒ/,Israel has rich heritage,לישראל יש מורשת עשירה,,,noun,cultural heritage,,,,HERITAGE מורשת,culture_word_11,ESL-Pals::Unit11
11,Culture,תרבות ופנאי,craft,אומנות,/kræft/,She learned a new craft,היא למדה אומנות חדשה,,,noun,traditional craft,,,,CRAFT אומנות,culture_word_12,ESL-Pals::Unit11
11,Culture,תרבות ופנאי,music,מוזיקה,/ˈmjuːzɪk/,I love music,אני אוהב מוזיקה,,,noun,listen to music,,,,MUSICמוזיקה,culture_word_13,ESL-Pals::Unit11
11,Culture,תרבות ופנאי,dance,ריקוד,/dæns/,She loves to dance,היא אוהבת לרקוד,,,noun/verb,learn to dance,,,,DANCE ריקוד,culture_word_14,ESL-Pals::Unit11
11,Culture,תרבות ופנאי,painting,ציור,/ˈpeɪntɪŋ/,The painting is beautiful,הציור יפה,,,noun,oil painting,,,,PAINT + ING,culture_word_15,ESL-Pals::Unit11
11,Culture,תרבות ופנאי,sculpture,פסל,/ˈskʌlptʃər/,The sculpture is impressive,הפסל מרהיב,,,noun,bronze sculpture,,,,SCULPT + URE,culture_word_16,ESL-Pals::Unit11
11,Culture,תרבות ופנאי,film,סרט,/fɪlm/,The film was boring,הסרט היה משעמם,,,noun,watch a film,,,,FILM סרט,culture_word_17,ESL-Pals::Unit11
11,Culture,תרבות ופנאי,novel,רומן,/ˈnɒvl/,I read a great novel,קראתי רומן מצוין,,,noun,read a novel,,,,NOVEL רומן,culture_word_18,ESL-Pals::Unit11
11,Culture,תרבות ופנאי,poetry,שירה,/ˈpoʊətri/,She writes poetry,היא כותבת שירה,,,noun,read poetry,,,,POET + RY,culture_word_19,ESL-Pals::Unit11
11,Culture,תרבות ופנאי,exhibit,תצוגה,/ɪɡˈzɪbɪt/,The exhibit opened today,התצוגה נפתחה היום,,,noun/verb,exhibit art,,,,EXHIBIT תצוגה,culture_word_20,ESL-Pals::Unit11
12,Goals,מטרות ושאיפות,goal,מטרה,/ɡoʊl/,Set a clear goal,קבע מטרה ברורה,,,noun,achieve a goal,,,,GOALמטרה,goals_word_1,ESL-Pals::Unit12
12,Goals,מטרות ושאיפות,dream,חלום,/driːm/,Follow your dreams,עקב אחר החלומות שלך,,,noun/verb,achieve your dream,,,,DREAM חלום,goals_word_2,ESL-Pals::Unit12
12,Goals,מטרות ושאיפות,ambition,שאיפה,/æmˈbɪʃn/,She has great ambition,יש לה שאיפות גדולות,,,noun,have ambition,,,,AMBITION שאיפה,goals_word_3,ESL-Pals::Unit12
12,Goals,מטרות ושאיפות,success,הצלחה,/səkˈses/,Hard work leads to success,עבודה קשה מובילה להצלחה,,,noun,road to success,,,,SUCCESS הצלחה,goals_word_4,ESL-Pals::Unit12
12,Goals,מטרות ושאיפות,failure,כישלון,/ˈfeɪljər/,Failure is part of learning,כישלון הוא חלק מהלמידה,,,noun,fear of failure,,,,FAIL + URE,goals_word_5,ESL-Pals::Unit12
12,Goals,מטרות ושאיפות,plan,תוכנית,/plæn/,Make a plan,הכן תוכנית,,,noun/verb,make a plan,,,,PLANתוכנית,goals_word_6,ESL-Pals::Unit12
12,Goals,מטרות ושאיפות,motivation,מוטיבציה,/ˌmoʊtɪˈveɪʃn/,I need motivation,אני צריך מוטיבציה,,,noun,find motivation,,,,MOTIVE + ATION,goals_word_7,ESL-Pals::Unit12
12,Goals,מטרות ושאיפות,challenge,אתגר,/ˈtʃælɪndʒ/,Accept the challenge,קבל את האתגר,,,noun,face a challenge,,,,CHALLENGE אתגר,goals_word_8,ESL-Pals::Unit12
12,Goals,מטרות ושאיפות,improve,להשתפר,/ɪmˈpruːv/,I want to improve,אני רוצה להשתפר,,,verb,improve your skills,,,,IM + PROVE לשפר,goals_word_9,ESL-Pals::Unit12
12,Goals,מטרות ושאיפות,progress,התקדמות,/ˈprɒɡres/,You made great progress,עשית התקדמות מצוינת,,,noun,make progress,,,,PROGRESS התקדמות,goals_word_10,ESL-Pals::Unit12
12,Goals,מטרות ושאיפות,habit,הרגל,/ˈhæbɪt/,Build good habits,בנה הרגלים טובים,,,noun,daily habit,,,,HABIT הרגל,goals_word_11,ESL-Pals::Unit12
12,Goals,מטרות ושאיפות,routine,שגרה,/ruːˈtiːn/,Create a morning routine,צור שגרת בוקר,,,noun,daily routine,,,,ROUTINE שגרה,goals_word_12,ESL-Pals::Unit12
12,Goals,מטרות ושאיפות,deadline,דדליין,/ˈdedlaɪn/,Meet the deadline,עמוד בדדליין,,,noun,set a deadline,,,,DEAD + LINE,goals_word_13,ESL-Pals::Unit12
12,Goals,מטרות ושאיפות,priority,עדיפות,/praɪˈɒrəti/,Make this a priority,תעשה את זה עדיפות,,,noun,top priority,,,,PRIOR + ITY,goals_word_14,ESL-Pals::Unit12
12,Goals,מטרות ושאיפות,vision,חזון,/ˈvɪʒn/,Have a clear vision,היה לך חזון ברור,,,noun,clear vision,,,,VISION חזון,goals_word_15,ESL-Pals::Unit12
12,Goals,מטרות ושאיפות,determination,נחישות,/dɪˌtɜːrmɪˈneɪʃn/,Success requires determination,הצלחה דורשת נחישות,,,noun,show determination,,,,DETERMINE + ATION,goals_word_16,ESL-Pals::Unit12
12,Goals,מטרות ושאיפות,perseverance,התמדה,/ˌpɜːrsɪˈvɪrəns/,Perseverance is key,התמדה היא המפתח,,,noun,show perseverance,,,,PERSEVERE + ANCE,goals_word_17,ESL-Pals::Unit12
12,Goals,מטרות ושאיפות,confident,בטוח,/ˈkɒnfɪdənt/,Be confident in yourself,היה בטוח בעצמך,,,adjective,feel confident,,,,CON + FIDENT בטוח,goals_word_18,ESL-Pals::Unit12
12,Goals,מטרות ושאיפות,proud,גאה,/praʊd/,Be proud of your progress,היה גאה בהתקדמות שלך,,,adjective,feel proud,,,,PROUDגאה,goals_word_19,ESL-Pals::Unit12
12,Goals,מטרות ושאיפות,inspire,להוות השראה,/ɪnˈspaɪər/,Inspire others,הוות השראה לאחרים,,,verb,inspire people,,,,IN + SPIREלהכניס רוח,goals_word_20,ESL-Pals::Unit12
